{
  "prototypes": [
    {
      "name": "Car",
      "length": "7.5 m",
      "minGap": "2.0 m",
      "maxSpeed": "50.0 m/s",
      "accel": 0.8,
      "decel": 4.5,
      "sigma": 0.5,
      "tau": 1.0
    },
	{
		"name": "TrafficLight",
		"applications": ["com.debangis.TrafficLightsController" ]
	}
  ],
  "trafficLights": [
    	{
        	"name": "TrafficLight",
        	"tlGroupId": "Junction"
    	}
   ],
  "chargingStations": [],
"rsus":[
		{
			"name": "RSU",
            "position": {
                "latitude": 53.547745,
                "longitude": 9.966246
            }, 
            "applications": [ "com.debangis.VehDelayRecordingRSU" ]
        },
		{
			"name": "RSUTrafficController",
            "position": {
                "latitude": 53.547745,
                "longitude": 9.966246
            }, 
            "applications": [ "com.debangis.PlatoonBasedController" ]
        }
		
		
	],
  "vehicles": [
  		{
            "startingTime": "1.0 s",
            "route": "SW0",
            "maxNumberVehicles": 1,
            "types": [ { "name": "Car", "applications":["com.debangis.VehicleOnBoardUnit"] } ]
        },
	  	{
            "startingTime": "1.0 s",
            "route": "SE1",
            "maxNumberVehicles": 1000,
            "types": [ { "name": "Car" } ]
        },
	  	{
            "startingTime": "1.0 s",
            "route": "SN1",
            "maxNumberVehicles": 1000,
            "types": [ { "name": "Car" } ]
        },
	  	
  		{
            "startingTime": "1.0 s",
            "route": "NE0",
            "maxNumberVehicles": 1000,
            "types": [ { "name": "Car" } ]
        },
	  	{
            "startingTime": "1.0 s",
            "route": "NS1",
            "maxNumberVehicles": 1000,
            "types": [ { "name": "Car" } ]
        },
	  	{
            "startingTime": "1.0 s",
            "route": "NW1",
            "maxNumberVehicles": 1000,
            "types": [ { "name": "Car" } ]
        },
	  	
	  	
  		{
            "startingTime": "1.0 s",
            "route": "ES0",
            "maxNumberVehicles": 1000,
            "types": [ { "name": "Car" } ]
        },
	  	{
            "startingTime": "1.0 s",
            "route": "EW1",
            "maxNumberVehicles": 1000,
            "types": [ { "name": "Car" } ]
        },
	  	{
            "startingTime": "1.0 s",
            "route": "EN1",
            "maxNumberVehicles": 1000,
            "types": [ { "name": "Car" } ]
        },
	  	
	  	
  		{
            "startingTime": "1.0 s",
            "route": "WN0",
            "maxNumberVehicles": 1000,
            "types": [ { "name": "Car" } ]
        },
	  	{
            "startingTime": "1.0 s",
            "route": "WE1",
            "maxNumberVehicles": 1000,
            "types": [ { "name": "Car" } ]
        },
	  	{
            "startingTime": "1.0 s",
            "route": "WS1",
            "maxNumberVehicles": 1000,
            "types": [ { "name": "Car" } ]
        }
	  	
  ]
}